{
    "id": "dark-forest-maps",
    "name": "dark-forest-maps",
    "title": "Dark Forest Maps",
    "description": "Dark Forest Maps.",
    "version": "1.0.0",
    "authors": [
        {
            "name": "Joemanf"
        }
    ],
    "minimumCoreVersion": "0.8.6",
    "compatibleCoreVersion": "9",
    "compatibility": {
        "minimum": "0.8.6",
        "verified": "10"
    },
    "packs": [
        {
            "name": "dark-forest-map-1",
            "label": "Dark Forest Maps",
            "path": "./packs/dark-forest-map-1.db",
            "entity": "Scene",
            "type": "Scene"
        }
    ],
    "manifest": "https://github.com/Joemanf/dark-forest-maps/raw/main/module.json",
    "download": "https://github.com/Joemanf/dark-forest-maps/raw/main/dark-forest.zip"
  }
